run,lead,threshold,tp,fp,fn,actual_frequency,forecast_frequency,recall,precision,csi
glstm_sweep_20260907_090603,all,1.0,213678,369267,6,0.36645572876472704,0.9997170345217884,0.9999719211546021,0.36654915986928444,0.36654538717662377
glstm_sweep_20260907_090603,all,10.0,66007,350037,15509,0.13979523589031229,0.7134914510126734,0.8097428725648952,0.15865389237676783,0.15295224456787462
glstm_sweep_20260907_090603,all,35.0,0,0,14492,0.024852943698444548,0.0,0.0,,0.0
glstm_sweep_20260907_090603,1,1.0,42667,73790,6,0.36590866217351786,0.9985851726089418,0.9998593958709254,0.3663755720995732,0.36635669697672224
glstm_sweep_20260907_090603,1,10.0,13406,47304,2837,0.13927903826036253,0.5205707327948415,0.8253401465246568,0.22082029319716687,0.2109619651596456
glstm_sweep_20260907_090603,1,35.0,0,0,2894,0.024815214968016325,0.0,0.0,,0.0
glstm_sweep_20260907_090603,2,1.0,42704,73918,0,0.3661744782288076,1.0,1.0,0.3661744782288076,0.3661744782288076
glstm_sweep_20260907_090603,2,10.0,13345,72589,2941,0.1396477508531838,0.7368592546860798,0.8194154488517745,0.15529359741196733,0.150154711673699
glstm_sweep_20260907_090603,2,35.0,0,0,2896,0.024832364390938246,0.0,0.0,,0.0
glstm_sweep_20260907_090603,3,1.0,42749,73873,0,0.36656034024455075,1.0,1.0,0.36656034024455075,0.36656034024455075
glstm_sweep_20260907_090603,3,10.0,13386,77079,2929,0.13989641748555162,0.7757112723156866,0.8204719583205639,0.14796882772342895,0.14332826519904918
glstm_sweep_20260907_090603,3,35.0,0,0,2900,0.02486666323678208,0.0,0.0,,0.0
glstm_sweep_20260907_090603,4,1.0,42766,73856,0,0.3667061103393871,1.0,1.0,0.3667061103393871,0.3667061103393871
glstm_sweep_20260907_090603,4,10.0,12987,77187,3344,0.14003361286892696,0.7732160312805474,0.7952360541301818,0.14402155832058022,0.13887166107059604
glstm_sweep_20260907_090603,4,35.0,0,0,2900,0.02486666323678208,0.0,0.0,,0.0
glstm_sweep_20260907_090603,5,1.0,42792,73830,0,0.36692905283737204,1.0,1.0,0.36692905283737204,0.36692905283737204
glstm_sweep_20260907_090603,5,10.0,12883,75878,3458,0.14011935998353656,0.7610999639862118,0.7883850437549722,0.1451425738781672,0.13970006180938851
glstm_sweep_20260907_090603,5,35.0,0,0,2902,0.024883812659704,0.0,0.0,,0.0
glstm_sweep_20260907_100511,all,1.0,213678,369267,6,0.36645572876472704,0.9997170345217884,0.9999719211546021,0.36654915986928444,0.36654538717662377
glstm_sweep_20260907_100511,all,10.0,66007,350037,15509,0.13979523589031229,0.7134914510126734,0.8097428725648952,0.15865389237676783,0.15295224456787462
glstm_sweep_20260907_100511,all,35.0,0,0,14492,0.024852943698444548,0.0,0.0,,0.0
glstm_sweep_20260907_100511,1,1.0,42667,73790,6,0.36590866217351786,0.9985851726089418,0.9998593958709254,0.3663755720995732,0.36635669697672224
glstm_sweep_20260907_100511,1,10.0,13406,47304,2837,0.13927903826036253,0.5205707327948415,0.8253401465246568,0.22082029319716687,0.2109619651596456
glstm_sweep_20260907_100511,1,35.0,0,0,2894,0.024815214968016325,0.0,0.0,,0.0
glstm_sweep_20260907_100511,2,1.0,42704,73918,0,0.3661744782288076,1.0,1.0,0.3661744782288076,0.3661744782288076
glstm_sweep_20260907_100511,2,10.0,13345,72589,2941,0.1396477508531838,0.7368592546860798,0.8194154488517745,0.15529359741196733,0.150154711673699
glstm_sweep_20260907_100511,2,35.0,0,0,2896,0.024832364390938246,0.0,0.0,,0.0
glstm_sweep_20260907_100511,3,1.0,42749,73873,0,0.36656034024455075,1.0,1.0,0.36656034024455075,0.36656034024455075
glstm_sweep_20260907_100511,3,10.0,13386,77079,2929,0.13989641748555162,0.7757112723156866,0.8204719583205639,0.14796882772342895,0.14332826519904918
glstm_sweep_20260907_100511,3,35.0,0,0,2900,0.02486666323678208,0.0,0.0,,0.0
glstm_sweep_20260907_100511,4,1.0,42766,73856,0,0.3667061103393871,1.0,1.0,0.3667061103393871,0.3667061103393871
glstm_sweep_20260907_100511,4,10.0,12987,77187,3344,0.14003361286892696,0.7732160312805474,0.7952360541301818,0.14402155832058022,0.13887166107059604
glstm_sweep_20260907_100511,4,35.0,0,0,2900,0.02486666323678208,0.0,0.0,,0.0
glstm_sweep_20260907_100511,5,1.0,42792,73830,0,0.36692905283737204,1.0,1.0,0.36692905283737204,0.36692905283737204
glstm_sweep_20260907_100511,5,10.0,12883,75878,3458,0.14011935998353656,0.7610999639862118,0.7883850437549722,0.1451425738781672,0.13970006180938851
glstm_sweep_20260907_100511,5,35.0,0,0,2902,0.024883812659704,0.0,0.0,,0.0
glstm_sweep_20260907_114458,all,1.0,213684,369426,0,0.36645572876472704,1.0,1.0,0.36645572876472704,0.36645572876472704
glstm_sweep_20260907_114458,all,10.0,76127,417737,5389,0.13979523589031229,0.8469482601910445,0.9338902792089896,0.15414567573259036,0.1524818078208844
glstm_sweep_20260907_114458,all,35.0,0,0,14492,0.024852943698444548,0.0,0.0,,0.0
glstm_sweep_20260907_114458,1,1.0,42673,73949,0,0.36590866217351786,1.0,1.0,0.36590866217351786,0.36590866217351786
glstm_sweep_20260907_114458,1,10.0,12078,31299,4165,0.13927903826036253,0.37194525904203324,0.743581850643354,0.27844249256518433,0.25404905136510875
glstm_sweep_20260907_114458,1,35.0,0,0,2894,0.024815214968016325,0.0,0.0,,0.0
glstm_sweep_20260907_114458,2,1.0,42704,73918,0,0.3661744782288076,1.0,1.0,0.3661744782288076,0.3661744782288076
glstm_sweep_20260907_114458,2,10.0,15097,85955,1189,0.1396477508531838,0.8664917425528631,0.9269925089033526,0.14939832957289317,0.14766091880947957
glstm_sweep_20260907_114458,2,35.0,0,0,2896,0.024832364390938246,0.0,0.0,,0.0
glstm_sweep_20260907_114458,3,1.0,42749,73873,0,0.36656034024455075,1.0,1.0,0.36656034024455075,0.36656034024455075
glstm_sweep_20260907_114458,3,10.0,16280,99915,35,0.13989641748555162,0.9963385982061703,0.9978547349065278,0.14010929902319377,0.14006710831971092
glstm_sweep_20260907_114458,3,35.0,0,0,2900,0.02486666323678208,0.0,0.0,,0.0
glstm_sweep_20260907_114458,4,1.0,42766,73856,0,0.3667061103393871,1.0,1.0,0.3667061103393871,0.3667061103393871
glstm_sweep_20260907_114458,4,10.0,16331,100289,0,0.14003361286892696,0.999982850577078,1.0,0.1400360144057623,0.1400360144057623
glstm_sweep_20260907_114458,4,35.0,0,0,2900,0.02486666323678208,0.0,0.0,,0.0
glstm_sweep_20260907_114458,5,1.0,42792,73830,0,0.36692905283737204,1.0,1.0,0.36692905283737204,0.36692905283737204
glstm_sweep_20260907_114458,5,10.0,16341,100279,0,0.14011935998353656,0.999982850577078,1.0,0.14012176299091064,0.14012176299091064
glstm_sweep_20260907_114458,5,35.0,0,0,2902,0.024883812659704,0.0,0.0,,0.0
glstm_sweep_20260907_121609,all,1.0,213566,367871,118,0.36645572876472704,0.997130901545163,0.999447782707175,0.36730720611175416,0.3672326779066468
glstm_sweep_20260907_121609,all,10.0,64087,323805,17429,0.13979523589031229,0.6652123956028879,0.7861892143873596,0.1652186691140833,0.15811418604020025
glstm_sweep_20260907_121609,all,35.0,104,1442,14388,0.024852943698444548,0.0026513007837286277,0.0071763731714049135,0.06727037516170763,0.006526923559683696
glstm_sweep_20260907_121609,1,1.0,42555,72394,118,0.36590866217351786,0.985654507725815,0.9972347854615331,0.3702076573088935,0.3698280132444576
glstm_sweep_20260907_121609,1,10.0,10798,29051,5445,0.13927903826036253,0.3416936770077687,0.6647786738902912,0.27097292278350776,0.23839802181304368
glstm_sweep_20260907_121609,1,35.0,77,586,2817,0.024815214968016325,0.005685033698616042,0.026606772633033862,0.11613876319758673,0.022126436781609197
glstm_sweep_20260907_121609,2,1.0,42704,73918,0,0.3661744782288076,1.0,1.0,0.3661744782288076,0.3661744782288076
glstm_sweep_20260907_121609,2,10.0,12386,62479,3900,0.1396477508531838,0.6419457735247209,0.7605305170084735,0.1654444667067388,0.1572525868088618
glstm_sweep_20260907_121609,2,35.0,9,304,2887,0.024832364390938246,0.002683884687280273,0.003107734806629834,0.02875399361022364,0.0028125
glstm_sweep_20260907_121609,3,1.0,42749,73873,0,0.36656034024455075,1.0,1.0,0.36656034024455075,0.36656034024455075
glstm_sweep_20260907_121609,3,10.0,13455,74178,2860,0.13989641748555162,0.7514276894582498,0.8247011952191236,0.15353805073431243,0.14868553368768855
glstm_sweep_20260907_121609,3,35.0,12,319,2888,0.02486666323678208,0.002838229493577541,0.004137931034482759,0.03625377643504532,0.003727865796831314
glstm_sweep_20260907_121609,4,1.0,42766,73856,0,0.3667061103393871,1.0,1.0,0.3667061103393871,0.3667061103393871
glstm_sweep_20260907_121609,4,10.0,13703,78362,2628,0.14003361286892696,0.7894308106532215,0.8390790521094851,0.1488404931298539,0.14470974623256208
glstm_sweep_20260907_121609,4,35.0,6,216,2894,0.02486666323678208,0.001903585944332973,0.0020689655172413794,0.02702702702702703,0.0019255455712451862
glstm_sweep_20260907_121609,5,1.0,42792,73830,0,0.36692905283737204,1.0,1.0,0.36692905283737204,0.36692905283737204
glstm_sweep_20260907_121609,5,10.0,13745,79735,2596,0.14011935998353656,0.8015640273704789,0.8411357934030965,0.14703679931536157,0.14306382447229277
glstm_sweep_20260907_121609,5,35.0,0,17,2902,0.024883812659704,0.00014577009483630876,0.0,0.0,0.0
