run,lead,subset,n,rmse,mae,bias,r2,actual_mean,predicted_mean,actual_std,predicted_std,predicted_min,predicted_max,corr
glstm_sweep_20260907_090603,all,all,583110,14.226297325755311,12.152143342659006,9.108311836624573,-0.9646589794859242,4.419435921666537,13.52774775829111,10.149585170956659,5.534011489280271,0.5266590118408203,32.99337387084961,0.1265239212937592
glstm_sweep_20260907_090603,all,dry_le_1,369426,13.955005737986955,12.822115121508453,12.822114216517411,-3594.553771055258,0.13282398584502592,12.954938202362436,0.2327271898085472,5.5166319947201865,0.5266590118408203,31.584774017333984,0.059125267087864745
glstm_sweep_20260907_090603,all,wet_gt_1,213684,14.683499006718375,10.99386759729091,2.6877321114495873,-0.10949708868844676,11.830313203085817,14.518045314535405,13.940118793116005,5.423041045329185,0.7627511024475098,32.99337387084961,0.10155744992847264
glstm_sweep_20260907_090603,all,heavy_gt_35,14492,39.13368103554085,35.367630505163696,-35.367630505163696,-4.681034434804794,51.274194885873015,15.906564380709321,16.418632800459527,5.6797244903086295,1.9738373756408687,31.864526748657227,0.11396415470348371
glstm_sweep_20260907_090603,1,all,116622,12.655437926756683,10.108143294670825,7.465070104508434,-0.5576811715556715,4.407410271058054,11.872480375566488,10.139998547982739,7.270524202407722,0.5266590118408203,32.99337387084961,0.34756576909354037
glstm_sweep_20260907_090603,1,dry_le_1,73949,11.252473682721764,9.37482249354247,9.374817972491194,-2334.4528928242967,0.13293212312145034,9.507750095612643,0.23284260529106435,6.277696332094385,0.5266590118408203,31.584774017333984,0.2506421802523796
glstm_sweep_20260907_090603,1,wet_gt_1,42673,14.774494884514207,11.378931379001449,4.155625137211616,-0.12302607658515186,11.814749444815792,15.970374582027407,13.941763831394631,7.048900550996651,0.7627511024475098,32.99337387084961,0.218996133970999
glstm_sweep_20260907_090603,1,heavy_gt_35,2894,35.636981808546295,31.59203486691365,-31.59203486691365,-3.708198113094329,51.28706069608845,19.695025829174803,16.423796335266896,6.569733365247524,1.9738373756408687,31.864526748657227,0.1898271144474072
glstm_sweep_20260907_090603,2,all,116622,14.47166434013949,12.530174960744343,9.497491127143103,-1.0342699572149385,4.415427355926493,13.912918483069596,10.146451602036866,5.14748050451458,4.722527027130127,31.7910213470459,0.09784191513675405
glstm_sweep_20260907_090603,2,dry_le_1,73918,14.342947096617424,13.398141312358565,13.398141312358565,-3795.1990659850444,0.13286875047680877,13.531010062835373,0.23278977874773069,5.124153168303217,4.722527027130127,30.95151138305664,0.042417714702886716
glstm_sweep_20260907_090603,2,wet_gt_1,42704,14.691800823551699,11.027778539364148,2.7457053368012976,-0.1105549070888403,11.828273154859374,14.573978491660672,13.941355903585903,5.120726584845626,4.9571380615234375,31.7910213470459,0.08595849267292018
glstm_sweep_20260907_090603,2,heavy_gt_35,2896,39.256157822539876,35.52978414922788,-35.52978414922788,-4.713847489492892,51.27695828116401,15.74717413193613,16.422658756209945,5.213055187421792,5.359692573547363,30.329082489013672,0.1062891392593837
glstm_sweep_20260907_090603,3,all,116622,14.855832039180488,12.912363331142616,9.820466520712237,-1.1413686383550115,4.4219171856184465,14.242383706330685,10.151991878695256,5.09715997485394,5.882246971130371,31.11354255676269,0.04628150760403135
glstm_sweep_20260907_090603,3,dry_le_1,73873,14.912862454398104,14.00277365259175,14.00277365259175,-4105.152014902749,0.13283363668021356,14.135607289271965,0.23272524733013944,5.123468375885108,5.903558254241943,31.080034255981445,-0.004909328671825443
glstm_sweep_20260907_090603,3,wet_gt_1,42749,14.756760326592095,11.028064711843642,2.5931729055788955,-0.12049824068608239,11.833727263297785,14.426900168876681,13.94072737484442,5.046051444609748,5.882246971130371,31.11354255676269,0.062328574025732664
glstm_sweep_20260907_090603,3,heavy_gt_35,2900,39.77081020989498,36.098551874325196,-36.098551874325196,-4.869017362998247,51.271329908699826,15.172778034374632,16.416544239045663,5.135850951469791,6.332335948944092,30.80904960632324,0.10240418389738354
glstm_sweep_20260907_090603,4,all,116622,14.741477775702753,12.800026570588825,9.621342083138293,-1.1077166470434525,4.425001903590262,14.046343986728555,10.153947397315038,4.918900023269211,6.089015007019043,30.73750686645508,0.02560033584737504
glstm_sweep_20260907_090603,4,dry_le_1,73856,14.764952858560125,13.900925613791268,13.900925613791268,-4027.3697122924723,0.13273887568681245,14.03366448947808,0.2326309014983144,4.968119281033183,6.089015007019043,30.73750686645508,-0.013746050832657052
glstm_sweep_20260907_090603,4,wet_gt_1,42766,14.700848522477743,10.898796627766032,2.2305895872325263,-0.11226931471438606,11.837651629747423,14.06824121697995,13.93918636554045,4.8326408210697736,6.192471504211426,30.53706359863281,0.04836415113236353
glstm_sweep_20260907_090603,4,heavy_gt_35,2900,40.24888096999333,36.609837138899444,-36.609837138899444,-5.010964151220788,51.271329908699826,14.661492769800384,16.416544239045663,5.093355840501686,6.467069625854492,29.75273323059082,0.09419899343532756
glstm_sweep_20260907_090603,5,all,116622,14.29480981071198,12.410008556148414,9.137189347620794,-0.981311726905129,4.427422892139428,13.564612239760223,10.155515574357501,4.463569051240595,6.33580207824707,28.596240997314453,0.024317167919135452
glstm_sweep_20260907_090603,5,dry_le_1,73830,14.17913087964862,13.437714785404456,13.437714785404456,-3713.5317885900386,0.13274633995840482,13.570461125362861,0.2326470615717499,4.515564915106808,6.33580207824707,28.596240997314453,-0.014812810843043584
glstm_sweep_20260907_090603,5,wet_gt_1,42792,14.492222575134125,10.636883885509658,1.7173960901996002,-0.08117710382198862,11.83712493568787,13.55452102588747,13.937554396734487,4.372387563396348,6.423497200012207,27.80077743530273,0.051674511606207556
glstm_sweep_20260907_090603,5,heavy_gt_35,2902,40.544907892905705,36.9992313375151,-36.9992313375151,-5.101876417243577,51.26433286660298,14.265101529087879,16.41362906142529,4.419397546249793,6.635404586791992,26.85582733154297,0.09644454812528222
glstm_sweep_20260907_100511,all,all,583110,14.226297325755311,12.152143342659006,9.108311836624573,-0.9646589794859242,4.419435921666537,13.52774775829111,10.149585170956659,5.534011489280271,0.5266590118408203,32.99337387084961,0.1265239212937592
glstm_sweep_20260907_100511,all,dry_le_1,369426,13.955005737986955,12.822115121508453,12.822114216517411,-3594.553771055258,0.13282398584502592,12.954938202362436,0.2327271898085472,5.5166319947201865,0.5266590118408203,31.584774017333984,0.059125267087864745
glstm_sweep_20260907_100511,all,wet_gt_1,213684,14.683499006718375,10.99386759729091,2.6877321114495873,-0.10949708868844676,11.830313203085817,14.518045314535405,13.940118793116005,5.423041045329185,0.7627511024475098,32.99337387084961,0.10155744992847264
glstm_sweep_20260907_100511,all,heavy_gt_35,14492,39.13368103554085,35.367630505163696,-35.367630505163696,-4.681034434804794,51.274194885873015,15.906564380709321,16.418632800459527,5.6797244903086295,1.9738373756408687,31.864526748657227,0.11396415470348371
glstm_sweep_20260907_100511,1,all,116622,12.655437926756683,10.108143294670825,7.465070104508434,-0.5576811715556715,4.407410271058054,11.872480375566488,10.139998547982739,7.270524202407722,0.5266590118408203,32.99337387084961,0.34756576909354037
glstm_sweep_20260907_100511,1,dry_le_1,73949,11.252473682721764,9.37482249354247,9.374817972491194,-2334.4528928242967,0.13293212312145034,9.507750095612643,0.23284260529106435,6.277696332094385,0.5266590118408203,31.584774017333984,0.2506421802523796
glstm_sweep_20260907_100511,1,wet_gt_1,42673,14.774494884514207,11.378931379001449,4.155625137211616,-0.12302607658515186,11.814749444815792,15.970374582027407,13.941763831394631,7.048900550996651,0.7627511024475098,32.99337387084961,0.218996133970999
glstm_sweep_20260907_100511,1,heavy_gt_35,2894,35.636981808546295,31.59203486691365,-31.59203486691365,-3.708198113094329,51.28706069608845,19.695025829174803,16.423796335266896,6.569733365247524,1.9738373756408687,31.864526748657227,0.1898271144474072
glstm_sweep_20260907_100511,2,all,116622,14.47166434013949,12.530174960744343,9.497491127143103,-1.0342699572149385,4.415427355926493,13.912918483069596,10.146451602036866,5.14748050451458,4.722527027130127,31.7910213470459,0.09784191513675405
glstm_sweep_20260907_100511,2,dry_le_1,73918,14.342947096617424,13.398141312358565,13.398141312358565,-3795.1990659850444,0.13286875047680877,13.531010062835373,0.23278977874773069,5.124153168303217,4.722527027130127,30.95151138305664,0.042417714702886716
glstm_sweep_20260907_100511,2,wet_gt_1,42704,14.691800823551699,11.027778539364148,2.7457053368012976,-0.1105549070888403,11.828273154859374,14.573978491660672,13.941355903585903,5.120726584845626,4.9571380615234375,31.7910213470459,0.08595849267292018
glstm_sweep_20260907_100511,2,heavy_gt_35,2896,39.256157822539876,35.52978414922788,-35.52978414922788,-4.713847489492892,51.27695828116401,15.74717413193613,16.422658756209945,5.213055187421792,5.359692573547363,30.329082489013672,0.1062891392593837
glstm_sweep_20260907_100511,3,all,116622,14.855832039180488,12.912363331142616,9.820466520712237,-1.1413686383550115,4.4219171856184465,14.242383706330685,10.151991878695256,5.09715997485394,5.882246971130371,31.11354255676269,0.04628150760403135
glstm_sweep_20260907_100511,3,dry_le_1,73873,14.912862454398104,14.00277365259175,14.00277365259175,-4105.152014902749,0.13283363668021356,14.135607289271965,0.23272524733013944,5.123468375885108,5.903558254241943,31.080034255981445,-0.004909328671825443
glstm_sweep_20260907_100511,3,wet_gt_1,42749,14.756760326592095,11.028064711843642,2.5931729055788955,-0.12049824068608239,11.833727263297785,14.426900168876681,13.94072737484442,5.046051444609748,5.882246971130371,31.11354255676269,0.062328574025732664
glstm_sweep_20260907_100511,3,heavy_gt_35,2900,39.77081020989498,36.098551874325196,-36.098551874325196,-4.869017362998247,51.271329908699826,15.172778034374632,16.416544239045663,5.135850951469791,6.332335948944092,30.80904960632324,0.10240418389738354
glstm_sweep_20260907_100511,4,all,116622,14.741477775702753,12.800026570588825,9.621342083138293,-1.1077166470434525,4.425001903590262,14.046343986728555,10.153947397315038,4.918900023269211,6.089015007019043,30.73750686645508,0.02560033584737504
glstm_sweep_20260907_100511,4,dry_le_1,73856,14.764952858560125,13.900925613791268,13.900925613791268,-4027.3697122924723,0.13273887568681245,14.03366448947808,0.2326309014983144,4.968119281033183,6.089015007019043,30.73750686645508,-0.013746050832657052
glstm_sweep_20260907_100511,4,wet_gt_1,42766,14.700848522477743,10.898796627766032,2.2305895872325263,-0.11226931471438606,11.837651629747423,14.06824121697995,13.93918636554045,4.8326408210697736,6.192471504211426,30.53706359863281,0.04836415113236353
glstm_sweep_20260907_100511,4,heavy_gt_35,2900,40.24888096999333,36.609837138899444,-36.609837138899444,-5.010964151220788,51.271329908699826,14.661492769800384,16.416544239045663,5.093355840501686,6.467069625854492,29.75273323059082,0.09419899343532756
glstm_sweep_20260907_100511,5,all,116622,14.29480981071198,12.410008556148414,9.137189347620794,-0.981311726905129,4.427422892139428,13.564612239760223,10.155515574357501,4.463569051240595,6.33580207824707,28.596240997314453,0.024317167919135452
glstm_sweep_20260907_100511,5,dry_le_1,73830,14.17913087964862,13.437714785404456,13.437714785404456,-3713.5317885900386,0.13274633995840482,13.570461125362861,0.2326470615717499,4.515564915106808,6.33580207824707,28.596240997314453,-0.014812810843043584
glstm_sweep_20260907_100511,5,wet_gt_1,42792,14.492222575134125,10.636883885509658,1.7173960901996002,-0.08117710382198862,11.83712493568787,13.55452102588747,13.937554396734487,4.372387563396348,6.423497200012207,27.80077743530273,0.051674511606207556
glstm_sweep_20260907_100511,5,heavy_gt_35,2902,40.544907892905705,36.9992313375151,-36.9992313375151,-5.101876417243577,51.26433286660298,14.265101529087879,16.41362906142529,4.419397546249793,6.635404586791992,26.85582733154297,0.09644454812528222
glstm_sweep_20260907_114458,all,all,583110,12.991098610410923,11.283391885696442,8.154512960609743,-0.6383065743077365,4.419435921666537,12.57394888227628,10.149585170956659,3.599985663724043,2.00563907623291,28.22922706604004,0.18749355506509616
glstm_sweep_20260907_114458,all,dry_le_1,369426,12.408125914861547,11.88098582269287,11.88098582269287,-2841.6155868483165,0.13282398584502592,12.013809808537895,0.2327271898085472,3.5904412528180436,2.00563907623291,28.146656036376957,0.08476954894527487
glstm_sweep_20260907_114458,all,wet_gt_1,213684,13.941582025039382,10.250246035895605,1.712027966188444,-0.00020994207288316247,11.830313203085817,13.54234116927426,13.940118793116005,3.4056315832416315,2.126887798309326,28.22922706604004,0.15259185534327654
glstm_sweep_20260907_114458,all,heavy_gt_35,14492,39.97354653319899,36.43311908507985,-36.43311908507985,-4.927497544970494,51.274194885873015,14.841075800793163,16.418632800459527,3.6927643036655757,2.940498352050781,27.868438720703125,0.10469837963347493
glstm_sweep_20260907_114458,1,all,116622,10.817318835797526,8.231799177766037,5.16347909872808,-0.1380555877237224,4.407410271058054,9.570889369786133,10.139998547982739,6.162816738009525,2.00563907623291,28.22922706604004,0.4036345108131116
glstm_sweep_20260907_114458,1,dry_le_1,73949,8.687693742840224,7.275821283053226,7.275821283053226,-1391.143826030394,0.13293212312145034,7.408753406174676,0.23284260529106435,4.804777874384792,2.00563907623291,28.146656036376957,0.26889613900710085
glstm_sweep_20260907_114458,1,wet_gt_1,42673,13.74762346669682,9.888434739740063,1.5029538910168758,0.027656278741412743,11.814749444815792,13.317703335832666,13.941763831394631,6.453793337753985,2.126887798309326,28.22922706604004,0.2738800070515864
glstm_sweep_20260907_114458,1,heavy_gt_35,2894,37.406578772286046,33.60047854047524,-33.60047854047524,-4.187389714609254,51.28706069608845,17.686582155613216,16.423796335266896,6.256723922945222,2.940498352050781,27.868438720703125,0.18795260307606831
glstm_sweep_20260907_114458,2,all,116622,13.364341876859577,11.856015811396055,8.779217937728578,-0.7348693624978779,4.415427355926493,13.194645293655071,10.146451602036866,2.865154252678048,7.794777870178223,21.545242309570312,0.16560444196503266
glstm_sweep_20260907_114458,2,dry_le_1,73918,12.97405870519684,12.680325476856645,12.680325476856645,-3105.1605692669077,0.13286875047680877,12.813194227333454,0.23278977874773069,2.754599061290021,7.803839683532715,21.509950637817383,0.08301226265894965
glstm_sweep_20260907_114458,2,wet_gt_1,42704,14.01423217003683,10.429186431208814,2.026640495866727,-0.010482013603553497,11.828273154859374,13.854913650726102,13.941355903585903,2.932015409018253,7.794777870178223,21.545242309570312,0.13047529882675862
glstm_sweep_20260907_114458,2,heavy_gt_35,2896,39.869683801827264,36.34947275028703,-36.34947275028703,-4.893844114520553,51.27695828116401,14.927485530876982,16.422658756209945,3.089305329848734,8.522889137268066,21.351715087890625,0.10781605898142685
glstm_sweep_20260907_114458,3,all,116622,13.616489048272546,12.213433727533868,9.116713375606995,-0.7989858974685635,4.4219171856184465,13.538630561225443,10.151991878695256,1.919502047144886,9.562938690185549,20.154098510742188,0.11425998689306871
glstm_sweep_20260907_114458,3,dry_le_1,73873,13.391890308111394,13.258063950647786,13.258063950647786,-3310.286555021741,0.13283363668021356,13.390897587328,0.23272524733013944,1.8784365298961665,9.562938690185549,19.562620162963867,0.018549898422227783
glstm_sweep_20260907_114458,3,wet_gt_1,42749,13.996117033211481,10.408246039585743,1.9601953043073557,-0.007962238222722906,11.833727263297785,13.793922567605142,13.94072737484442,1.962425880716635,9.70375919342041,20.154098510742188,0.11232817885550402
glstm_sweep_20260907_114458,3,heavy_gt_35,2900,40.38172296851132,36.94607326671995,-36.94607326671995,-5.050708174699339,51.271329908699826,14.325256641979875,16.416544239045663,2.028653409074075,9.911880493164062,19.493017196655277,0.11931395313953988
glstm_sweep_20260907_114458,4,all,116622,13.521600570155748,12.112958740843368,8.93304467882826,-0.7733170386341941,4.425001903590262,13.358046582418522,10.153947397315038,1.5014998157243138,9.929365158081056,18.735427856445312,0.07617512214336704
glstm_sweep_20260907_114458,4,dry_le_1,73856,13.238565891669513,13.152980142400521,13.152980142400521,-3237.5236682360583,0.13273887568681245,13.285719018087333,0.2326309014983144,1.4832895391044263,9.929365158081056,18.24018096923828,-0.0064847587937942345
glstm_sweep_20260907_114458,4,wet_gt_1,42766,13.996925339118857,10.316863229610028,1.645303164597496,-0.00830156874387411,11.837651629747423,13.48295479434492,13.93918636554045,1.5243796406520929,10.003580093383787,18.735427856445312,0.08042297991725218
glstm_sweep_20260907_114458,4,heavy_gt_35,2900,40.937906111870845,37.534912097536285,-37.534912097536285,-5.21853049781619,51.271329908699826,13.736417811163541,16.416544239045663,1.62256488541796,10.26289176940918,17.848344802856445,0.09560251630698088
glstm_sweep_20260907_114458,5,all,116622,13.41569002883035,12.002751970942883,8.780109712156802,-0.7451070681115253,4.427422892139428,13.20753260429623,10.155515574357501,1.149172007585004,9.915876388549805,17.53815269470215,0.06703608718855154
glstm_sweep_20260907_114458,5,dry_le_1,73830,13.095436929842869,13.04295817759727,13.04295817759727,-3167.435301178963,0.13274633995840482,13.175704517555676,0.2326470615717499,1.143141124686421,9.915876388549805,17.53815269470215,-0.02033115027790133
glstm_sweep_20260907_114458,5,wet_gt_1,42792,13.950956730820296,10.208060808171957,1.425321382481398,-0.001924122057226585,11.83712493568787,13.262446318169268,13.937554396734487,1.1574476256984196,9.989347457885742,17.148283004760742,0.09290406969866563
glstm_sweep_20260907_114458,5,heavy_gt_35,2902,41.15208675337423,37.72778988410324,-37.72778988410324,-5.28600172874564,51.26433286660298,13.536542982499736,16.41362906142529,1.233915706648907,10.609472274780272,17.05879783630371,0.020284671681884265
glstm_sweep_20260907_121609,all,all,583110,13.354689720855946,11.056366782802513,7.730896708639112,-0.731294780528206,4.419435921666537,12.150332630305648,10.149585170956659,5.47261195687417,-0.6199078559875488,49.2646484375,0.1294684865836331
glstm_sweep_20260907_121609,all,dry_le_1,369426,12.659622284045216,11.441023811211991,11.44090438757799,-2958.0155364817306,0.13282398584502592,11.573728373423016,0.2327271898085472,5.426233855823017,-0.6199078559875488,48.357513427734375,0.05005916000453041
glstm_sweep_20260907_121609,all,wet_gt_1,213684,14.477850414167728,10.391355329548176,1.3168774240896173,-0.07863676983396739,11.830313203085817,13.147190627175434,13.940118793116005,5.408774113693704,-0.1029268503189086,49.2646484375,0.10416432954065571
glstm_sweep_20260907_121609,all,heavy_gt_35,14492,40.51586731154089,36.770299820516804,-36.76410746656249,-5.089425200797973,51.274194885873015,14.510087419310526,16.418632800459527,5.773472379733686,0.477821946144104,49.2646484375,0.06840507960895112
glstm_sweep_20260907_121609,1,all,116622,11.083174954435188,7.905786849636934,4.478205677848332,-0.19468274774782546,4.407410271058054,8.885615948906386,10.139998547982739,6.76906757790067,-0.6199078559875488,49.2646484375,0.3340509729374151
glstm_sweep_20260907_121609,1,dry_le_1,73949,8.744267153199274,6.7904008537062195,6.789804250703954,-1409.3338680672753,0.13293212312145034,6.922736373825404,0.23284260529106435,5.553560314818641,-0.6199078559875488,48.357513427734375,0.2070525511104147
glstm_sweep_20260907_121609,1,wet_gt_1,42673,14.254833630342267,9.83866429001095,0.4723845997872537,-0.04541532593202313,11.814749444815792,12.287134044603045,13.941763831394631,7.31637307705823,-0.1029268503189086,49.2646484375,0.22021359672506496
glstm_sweep_20260907_121609,1,heavy_gt_35,2894,39.18155810662292,35.111929918023414,-35.084340630169976,-4.691363218237902,51.28706069608845,16.202720065918477,16.423796335266896,8.038020099948584,0.477821946144104,49.2646484375,0.11387857205443193
glstm_sweep_20260907_121609,2,all,116622,13.658307074776877,11.474397812838072,8.193530678346344,-0.8120299385208241,4.415427355926493,12.608958034272836,10.146451602036866,5.3851347971311165,4.047330379486084,40.83317565917969,0.11470303371114418
glstm_sweep_20260907_121609,2,dry_le_1,73918,13.031975576235837,11.932426582396445,11.932426582396445,-3132.9545918889735,0.13286875047680877,12.065295332873253,0.23278977874773069,5.2489862518724015,4.047330379486084,39.4053955078125,0.06402453270663351
glstm_sweep_20260907_121609,2,wet_gt_1,42704,14.679420659575433,10.681578156875734,1.7217316095102766,-0.10868405963736283,11.828273154859374,13.550004764369652,13.941355903585903,5.4871288919196335,4.36930513381958,40.83317565917969,0.07809978118229802
glstm_sweep_20260907_121609,2,heavy_gt_35,2896,40.363160196509114,36.64275631522605,-36.63987569716754,-5.040645999566575,51.27695828116401,14.637082583996472,16.422658756209945,5.643928700302466,4.862557888031006,39.94012069702149,0.08012575176015373
glstm_sweep_20260907_121609,3,all,116622,14.155592595276419,12.128917577734404,8.900411528664062,-0.9442566208898244,4.4219171856184465,13.32232871428251,10.151991878695256,4.989753470613261,5.791102886199951,42.73420715332031,0.06709087720149913
glstm_sweep_20260907_121609,3,dry_le_1,73873,13.862734524070824,12.95903674627947,12.95903674627947,-3547.2222247188124,0.13283363668021356,13.091870382959684,0.23272524733013944,4.918995820717881,5.809634208679199,41.52022552490234,0.005200077108539854
glstm_sweep_20260907_121609,3,wet_gt_1,42749,14.647875097146807,10.694418680966535,1.8868481540610775,-0.10402367776618715,11.833727263297785,13.720575417358862,13.94072737484442,5.085158775216297,5.791102886199951,42.73420715332031,0.06490735770660304
glstm_sweep_20260907_121609,3,heavy_gt_35,2900,40.51846189568298,36.80117121285406,-36.800635376798695,-5.091754870190591,51.271329908699826,14.47069453190113,16.416544239045663,5.181686500460052,6.186347007751465,38.379371643066406,0.05227631319108427
glstm_sweep_20260907_121609,4,all,116622,14.0617153208074,12.094542658598254,8.804689989086532,-0.9178153236936393,4.425001903590262,13.229691892676794,10.153947397315038,4.608851401041776,5.862815380096436,41.89752197265625,0.04417799863139827
glstm_sweep_20260907_121609,4,dry_le_1,73856,13.792909175320023,12.993321142044802,12.993321142044802,-3514.4177847067745,0.13273887568681245,13.126060017731616,0.2326309014983144,4.6194501931389,5.862815380096436,41.89752197265625,-0.011404886636982262
glstm_sweep_20260907_121609,4,wet_gt_1,42766,14.514220127281023,10.542370753967745,1.5710103736704037,-0.08420788569517246,11.837651629747423,13.408662003417827,13.93918636554045,4.584977651139213,6.1691999435424805,41.61950302124024,0.05576849156107225
glstm_sweep_20260907_121609,4,heavy_gt_35,2900,40.874352850220234,37.27220535689387,-37.27220535689387,-5.1992378096020655,51.271329908699826,13.999124551805957,16.416544239045663,4.789871475712,7.053118705749512,38.0675163269043,0.06962945374592783
glstm_sweep_20260907_121609,5,all,116622,13.573500985202145,11.678189015204904,8.27764566925029,-0.7864045019170967,4.427422892139428,12.70506856138972,10.155515574357501,3.8824308233940936,6.426065921783447,37.42304229736328,0.031541658731473576
glstm_sweep_20260907_121609,5,dry_le_1,73830,13.141931598313674,12.535413162775775,12.535413162775775,-3189.973971318268,0.13274633995840482,12.668159502734179,0.2326470615717499,3.933608366376032,6.587302207946777,37.42304229736328,-0.02534225087383632
glstm_sweep_20260907_121609,5,wet_gt_1,42792,14.287482042002905,10.199200914271147,0.9316236546918106,-0.05084398884913344,11.83712493568787,12.76874859037968,13.937554396734487,3.791665172953208,6.426065921783447,35.58717727661133,0.050787874849969564
glstm_sweep_20260907_121609,5,heavy_gt_35,2902,41.59977659974577,38.018968116818094,-38.018968116818094,-5.423515374941528,51.26433286660298,13.245364749784883,16.41362906142529,3.967975582301075,7.238731384277344,32.11478042602539,0.00040360518418150855
