month,station,train_mean_mm
1,ACEGUA,3.334249219586772
1,ALEGRETE,4.404855839667782
1,BAGE,3.895107296205336
1,BAGE - CENTRO,3.895107296205336
1,BENTO GONCALVES,6.801490829836938
1,CACAPAVA DO SUL,4.323697378558498
1,CACHOEIRA DO SUL,4.271175111493757
1,CACHOEIRINHA,4.731212412157366
1,CAMBARA DO SUL,6.375033993874827
1,CAMPO BOM,5.557642829033636
1,CANELA,6.72893802965841
1,CANGUCU,3.9393877713910994
1,CAXIAS DO SUL - AEROPORTO,6.795894730475641
1,CAXIAS DO SUL - CRIUVA,5.211077878552098
1,CHARQUEADAS,4.215679822429534
1,CRUZ ALTA,4.576617686979232
1,DOM PEDRITO,3.592570943217124
1,ENCRUZILHADA DO SUL,4.49029476411881
1,ERECHIM,5.869893297072379
1,FREDERICO WESTPHALEN,5.1908618019473165
1,HERVAL,3.2105167065897295
1,IBIRUBA,5.037502888710268
1,JAGUARAO,3.0538434943845196
1,LAGOA VERMELHA,5.858501599680993
1,MINAS DO LEAO,4.267643055608196
1,MONTENEGRO,5.467110583859105
1,MOSTARDAS,2.494599550001083
1,PALMEIRA DAS MISSOES,5.370812550667794
1,PARQUE ELDORADO,4.215679822429534
1,PASSO FUNDO,5.503100252920581
1,PINHEIRO MACHADO,3.9614751531231787
1,PORTO ALEGRE - BELEM NOVO,3.9284979143450336
1,PORTO ALEGRE - JARDIM BOTANICO,4.568660451519873
1,QUARAI,3.707803072467927
1,RIO GRANDE,3.0361346583212576
1,RIO PARDO,5.057553129811441
1,ROLANTE,5.776253919447622
1,SANTA MARIA,5.1251620938701015
1,SANTA MARIA DO HERVAL,7.059031917202857
1,SANTA ROSA,5.6283050967801005
1,SANTA VITORIA DO PALMAR (CENTRO),2.7888152714698546
1,SANTA VITORIA DO PALMAR (RESERVA DO TAIM),2.5440319814989643
1,SANTANA DA BOA VISTA,3.9620610975450083
1,SANTANA DO LIVRAMENTO,3.556509171762774
1,SANTIAGO,5.2217600730157665
1,SANTO AUGUSTO,5.17531604536118
1,SAO BORJA,4.8446044806511175
1,SAO FRANCISCO DE PAULA,7.78266260316295
1,SAO GABRIEL,4.113221841473734
1,SAO JOSE DOS AUSENTES,8.319205341800567
1,SAO LUIZ GONZAGA,5.602280001486501
1,SAO VICENTE DO SUL,4.195482500137821
1,SAPUCAIA DO SUL,5.4812190994139645
1,SERAFINA CORREA,5.165976382070972
1,SERTAO SANTANA,4.975449173681198
1,SOLEDADE,4.997279847821882
1,Santa Vitoria do Palmar - Barra do Chui,2.6425752908952775
1,TORRES,4.273799157911731
1,TRAMANDAI,4.180896674433062
1,TUPANCIRETA,4.811393149437443
1,URUGUAIANA,3.9684950267114947
1,VACARIA,5.385401748841809
2,ACEGUA,4.0139719448258395
2,ALEGRETE,4.188938478452969
2,BAGE,4.327499233515916
2,BAGE - CENTRO,4.327499233515916
2,BENTO GONCALVES,6.279363568905181
2,CACAPAVA DO SUL,4.143030242582338
2,CACHOEIRA DO SUL,3.6791288747196704
2,CACHOEIRINHA,4.369607013938701
2,CAMBARA DO SUL,5.747873698715615
2,CAMPO BOM,4.771749530218344
2,CANELA,5.908256610937878
2,CANGUCU,4.412330357374343
2,CAXIAS DO SUL - AEROPORTO,6.254446717490137
2,CAXIAS DO SUL - CRIUVA,4.949456822555677
2,CHARQUEADAS,3.8984222749693203
2,CRUZ ALTA,3.934995798938042
2,DOM PEDRITO,4.162363246478866
2,ENCRUZILHADA DO SUL,4.072785377502441
2,ERECHIM,5.761774767816594
2,FREDERICO WESTPHALEN,5.2222815319500135
2,HERVAL,4.136477951454905
2,IBIRUBA,4.558154431064572
2,JAGUARAO,4.1192875457020985
2,LAGOA VERMELHA,5.582345270477565
2,MINAS DO LEAO,4.1285521076843805
2,MONTENEGRO,4.6182543830534
2,MOSTARDAS,3.5178861786833906
2,PALMEIRA DAS MISSOES,5.309302203423154
2,PARQUE ELDORADO,3.8984222749693203
2,PASSO FUNDO,5.308099029338465
2,PINHEIRO MACHADO,4.419437560359989
2,PORTO ALEGRE - BELEM NOVO,4.15672402255303
2,PORTO ALEGRE - JARDIM BOTANICO,4.241764545440674
2,QUARAI,4.524187180848248
2,RIO GRANDE,3.605008652779908
2,RIO PARDO,4.590947543625283
2,ROLANTE,5.254119898365662
2,SANTA MARIA,4.6788031991604155
2,SANTA MARIA DO HERVAL,6.243636122847025
2,SANTA ROSA,5.315988477352446
2,SANTA VITORIA DO PALMAR (CENTRO),4.124480019628474
2,SANTA VITORIA DO PALMAR (RESERVA DO TAIM),3.3692970824452626
2,SANTANA DA BOA VISTA,3.9019658502224273
2,SANTANA DO LIVRAMENTO,4.6742431927571255
2,SANTIAGO,4.839184533178279
2,SANTO AUGUSTO,5.033231414524855
2,SAO BORJA,4.45525097635995
2,SAO FRANCISCO DE PAULA,6.7577884260532075
2,SAO GABRIEL,3.8814898085805165
2,SAO JOSE DOS AUSENTES,7.375296246688978
2,SAO LUIZ GONZAGA,4.785184839130503
2,SAO VICENTE DO SUL,3.851448012664255
2,SAPUCAIA DO SUL,4.715213733436787
2,SERAFINA CORREA,5.073542616008657
2,SERTAO SANTANA,5.1562538189170635
2,SOLEDADE,4.774221276814958
2,Santa Vitoria do Palmar - Barra do Chui,3.904989845984805
2,TORRES,4.036901790483863
2,TRAMANDAI,4.079879385180178
2,TUPANCIRETA,4.143466991660869
2,URUGUAIANA,4.212845743229959
2,VACARIA,5.352799871326548
3,ACEGUA,3.45311866652581
3,ALEGRETE,4.040298434995836
3,BAGE,3.5339608307807677
3,BAGE - CENTRO,3.5339608307807677
3,BENTO GONCALVES,5.199549659605949
3,CACAPAVA DO SUL,4.0021005176728774
3,CACHOEIRA DO SUL,3.5632026772345267
3,CACHOEIRINHA,4.112051844596863
3,CAMBARA DO SUL,4.789004402775919
3,CAMPO BOM,4.552568631787454
3,CANELA,5.195610946224582
3,CANGUCU,3.7899070209072483
3,CAXIAS DO SUL - AEROPORTO,5.174157119566394
3,CAXIAS DO SUL - CRIUVA,4.223910550917348
3,CHARQUEADAS,3.387801108821746
3,CRUZ ALTA,3.8643849395936534
3,DOM PEDRITO,3.2642536586330784
3,ENCRUZILHADA DO SUL,3.7497906915603147
3,ERECHIM,4.714424091000711
3,FREDERICO WESTPHALEN,4.47271474330656
3,HERVAL,3.532003971838182
3,IBIRUBA,4.150141623712355
3,JAGUARAO,3.4882483905361545
3,LAGOA VERMELHA,4.473486254292149
3,MINAS DO LEAO,3.4649607635313466
3,MONTENEGRO,4.2777075882880915
3,MOSTARDAS,2.765661285769555
3,PALMEIRA DAS MISSOES,4.763825285819269
3,PARQUE ELDORADO,3.387801108821746
3,PASSO FUNDO,4.860308381818956
3,PINHEIRO MACHADO,3.5648355522463397
3,PORTO ALEGRE - BELEM NOVO,3.316026060811935
3,PORTO ALEGRE - JARDIM BOTANICO,3.695586035328527
3,QUARAI,4.25521452965275
3,RIO GRANDE,3.588009753534871
3,RIO PARDO,3.9394882417494252
3,ROLANTE,4.868246862965245
3,SANTA MARIA,4.039916292313607
3,SANTA MARIA DO HERVAL,5.489174396761002
3,SANTA ROSA,4.764685227024939
3,SANTA VITORIA DO PALMAR (CENTRO),3.519941718347611
3,SANTA VITORIA DO PALMAR (RESERVA DO TAIM),3.4118285102228962
3,SANTANA DA BOA VISTA,3.67634815554465
3,SANTANA DO LIVRAMENTO,3.5825833197562926
3,SANTIAGO,4.8565446215291175
3,SANTO AUGUSTO,4.358269041584384
3,SAO BORJA,3.9544254541397095
3,SAO FRANCISCO DE PAULA,5.850050245561907
3,SAO GABRIEL,3.770058185823502
3,SAO JOSE DOS AUSENTES,5.352500946291031
3,SAO LUIZ GONZAGA,4.190236330032349
3,SAO VICENTE DO SUL,3.542974110572569
3,SAPUCAIA DO SUL,4.375263567893736
3,SERAFINA CORREA,4.508889498249177
3,SERTAO SANTANA,4.082844622673527
3,SOLEDADE,4.271552928032413
3,Santa Vitoria do Palmar - Barra do Chui,3.3600335159609394
3,TORRES,3.6500067480148806
3,TRAMANDAI,4.137686664058316
3,TUPANCIRETA,3.908733687093181
3,URUGUAIANA,4.148788029147733
3,VACARIA,4.341338430681536
4,ACEGUA,3.7070557475090027
4,ALEGRETE,5.115244777997335
4,BAGE,3.82721525033315
4,BAGE - CENTRO,3.82721525033315
4,BENTO GONCALVES,4.826753334204356
4,CACAPAVA DO SUL,4.657186055183411
4,CACHOEIRA DO SUL,4.109275837739308
4,CACHOEIRINHA,3.736632068951925
4,CAMBARA DO SUL,3.7076989889144896
4,CAMPO BOM,3.924414018789927
4,CANELA,4.408074915409088
4,CANGUCU,3.5313581506411236
4,CAXIAS DO SUL - AEROPORTO,4.720327258110046
4,CAXIAS DO SUL - CRIUVA,4.250653080145518
4,CHARQUEADAS,3.7707015951474507
4,CRUZ ALTA,4.712259753545125
4,DOM PEDRITO,4.058282581965129
4,ENCRUZILHADA DO SUL,3.7131945292154946
4,ERECHIM,4.753230516115824
4,FREDERICO WESTPHALEN,5.259229731559754
4,HERVAL,3.5354748447736104
4,IBIRUBA,4.879940561453501
4,JAGUARAO,3.520326813062032
4,LAGOA VERMELHA,4.369766000906626
4,MINAS DO LEAO,3.941232951482137
4,MONTENEGRO,4.238281655311584
4,MOSTARDAS,2.913216253121694
4,PALMEIRA DAS MISSOES,4.932707540194193
4,PARQUE ELDORADO,3.7707015951474507
4,PASSO FUNDO,4.7109748005867
4,PINHEIRO MACHADO,3.690380362669627
4,PORTO ALEGRE - BELEM NOVO,3.4733320355415342
4,PORTO ALEGRE - JARDIM BOTANICO,3.753933318456014
4,QUARAI,5.363652102152506
4,RIO GRANDE,3.5641814351081846
4,RIO PARDO,4.447334015369416
4,ROLANTE,3.6146278103192646
4,SANTA MARIA,4.8499236583709715
4,SANTA MARIA DO HERVAL,4.612020647525787
4,SANTA ROSA,6.1606064438819885
4,SANTA VITORIA DO PALMAR (CENTRO),3.3136064807573953
4,SANTA VITORIA DO PALMAR (RESERVA DO TAIM),3.279656179745992
4,SANTANA DA BOA VISTA,4.064592719078064
4,SANTANA DO LIVRAMENTO,4.763194437821706
4,SANTIAGO,5.634053043524424
4,SANTO AUGUSTO,5.113639938831329
4,SAO BORJA,5.664674456914266
4,SAO FRANCISCO DE PAULA,4.405411577224731
4,SAO GABRIEL,4.745102938016256
4,SAO JOSE DOS AUSENTES,4.009262224038442
4,SAO LUIZ GONZAGA,6.229978287220002
4,SAO VICENTE DO SUL,4.789675764242808
4,SAPUCAIA DO SUL,4.190720609823862
4,SERAFINA CORREA,4.276125609874725
4,SERTAO SANTANA,3.7852327028910318
4,SOLEDADE,4.783297085762024
4,Santa Vitoria do Palmar - Barra do Chui,3.1717230955759685
4,TORRES,3.6432311018308003
4,TRAMANDAI,3.1603048205375672
4,TUPANCIRETA,4.90559736887614
4,URUGUAIANA,5.662170044581095
4,VACARIA,4.109503837426503
5,ACEGUA,3.2706847113947712
5,ALEGRETE,3.5206103517163183
5,BAGE,3.1374322791253366
5,BAGE - CENTRO,3.1374322791253366
5,BENTO GONCALVES,4.553117579029452
5,CACAPAVA DO SUL,3.521044400430495
5,CACHOEIRA DO SUL,3.5336070560639903
5,CACHOEIRINHA,3.39097697119559
5,CAMBARA DO SUL,4.246802587662974
5,CAMPO BOM,3.839376953340346
5,CANELA,4.537385317587083
5,CANGUCU,3.301756997262278
5,CAXIAS DO SUL - AEROPORTO,4.662949231363112
5,CAXIAS DO SUL - CRIUVA,4.597225023854163
5,CHARQUEADAS,3.471217328502286
5,CRUZ ALTA,3.806861658250132
5,DOM PEDRITO,3.0029089220108522
5,ENCRUZILHADA DO SUL,3.1847881693993845
5,ERECHIM,5.075549406390036
5,FREDERICO WESTPHALEN,5.216830207455542
5,HERVAL,3.3880462569575154
5,IBIRUBA,4.067131107853305
5,JAGUARAO,3.476782191184259
5,LAGOA VERMELHA,4.930376518157221
5,MINAS DO LEAO,3.5506784992833293
5,MONTENEGRO,3.9401746565295803
5,MOSTARDAS,3.3660487782570625
5,PALMEIRA DAS MISSOES,4.928739793838993
5,PARQUE ELDORADO,3.471217328502286
5,PASSO FUNDO,5.1613810331590715
5,PINHEIRO MACHADO,3.320270488339086
5,PORTO ALEGRE - BELEM NOVO,3.2237047149289038
5,PORTO ALEGRE - JARDIM BOTANICO,3.4022811997321343
5,QUARAI,3.4250280549449306
5,RIO GRANDE,3.7238617097177813
5,RIO PARDO,3.7547921942126368
5,ROLANTE,3.980880287385756
5,SANTA MARIA,3.6682467229904665
5,SANTA MARIA DO HERVAL,4.594454361546424
5,SANTA ROSA,4.715763753460299
5,SANTA VITORIA DO PALMAR (CENTRO),3.889048780164411
5,SANTA VITORIA DO PALMAR (RESERVA DO TAIM),3.8632846647693264
5,SANTANA DA BOA VISTA,3.151993597707441
5,SANTANA DO LIVRAMENTO,3.072699712168786
5,SANTIAGO,3.737763531746403
5,SANTO AUGUSTO,5.006400800520374
5,SAO BORJA,3.254385244461798
5,SAO FRANCISCO DE PAULA,4.476440537360407
5,SAO GABRIEL,3.5080342523513304
5,SAO JOSE DOS AUSENTES,4.957089981725139
5,SAO LUIZ GONZAGA,4.090188484038076
5,SAO VICENTE DO SUL,3.36336656924217
5,SAPUCAIA DO SUL,3.916695233314268
5,SERAFINA CORREA,4.603937268257141
5,SERTAO SANTANA,3.4863098090694797
5,SOLEDADE,4.503469313344648
5,Santa Vitoria do Palmar - Barra do Chui,3.780583227834394
5,TORRES,4.458823503986482
5,TRAMANDAI,3.610657572746277
5,TUPANCIRETA,3.5960198487004926
5,URUGUAIANA,3.43954659277393
5,VACARIA,4.619423420198502
6,ACEGUA,3.5699730118115744
6,ALEGRETE,4.513329259554545
6,BAGE,4.046888160705566
6,BAGE - CENTRO,4.046888160705566
6,BENTO GONCALVES,5.173427363236745
6,CACAPAVA DO SUL,4.804226756095886
6,CACHOEIRA DO SUL,4.882216942310333
6,CACHOEIRINHA,4.226999481519063
6,CAMBARA DO SUL,4.343617955843608
6,CAMPO BOM,4.406140255928039
6,CANELA,4.804700116316478
6,CANGUCU,3.9886141816775003
6,CAXIAS DO SUL - AEROPORTO,5.008119344711304
6,CAXIAS DO SUL - CRIUVA,4.784846305847168
6,CHARQUEADAS,4.404775301615397
6,CRUZ ALTA,4.846378175417582
6,DOM PEDRITO,3.9224565108617147
6,ENCRUZILHADA DO SUL,4.375759760538737
6,ERECHIM,5.782547092437744
6,FREDERICO WESTPHALEN,5.694155883789063
6,HERVAL,3.570359448591868
6,IBIRUBA,5.37739098072052
6,JAGUARAO,3.4179444193840025
6,LAGOA VERMELHA,5.236498514811198
6,MINAS DO LEAO,4.617555447419485
6,MONTENEGRO,4.8001731355985005
6,MOSTARDAS,3.735832373301188
6,PALMEIRA DAS MISSOES,5.378572642803192
6,PARQUE ELDORADO,4.404775301615397
6,PASSO FUNDO,5.6112140337626135
6,PINHEIRO MACHADO,3.994239858786265
6,PORTO ALEGRE - BELEM NOVO,4.027767976125081
6,PORTO ALEGRE - JARDIM BOTANICO,4.2848025759061175
6,QUARAI,3.808399033546448
6,RIO GRANDE,4.187959432601929
6,RIO PARDO,5.0497750520706175
6,ROLANTE,4.317127664883931
6,SANTA MARIA,5.020470917224884
6,SANTA MARIA DO HERVAL,4.934333761533101
6,SANTA ROSA,5.550843973954518
6,SANTA VITORIA DO PALMAR (CENTRO),3.418107827504476
6,SANTA VITORIA DO PALMAR (RESERVA DO TAIM),3.509877606232961
6,SANTANA DA BOA VISTA,4.263394582271576
6,SANTANA DO LIVRAMENTO,4.048193502426147
6,SANTIAGO,5.0698017080624895
6,SANTO AUGUSTO,5.42806734641393
6,SAO BORJA,4.035088916619618
6,SAO FRANCISCO DE PAULA,4.929013053576152
6,SAO GABRIEL,4.827679212888082
6,SAO JOSE DOS AUSENTES,4.826919742425283
6,SAO LUIZ GONZAGA,4.920783638954163
6,SAO VICENTE DO SUL,4.408608376979828
6,SAPUCAIA DO SUL,4.661996670564016
6,SERAFINA CORREA,4.654203355312347
6,SERTAO SANTANA,4.317621886730194
6,SOLEDADE,5.556082212924958
6,Santa Vitoria do Palmar - Barra do Chui,3.4075225313504536
6,TORRES,4.272668560345967
6,TRAMANDAI,3.9566064874331155
6,TUPANCIRETA,4.7900040944417315
6,URUGUAIANA,3.5941511392593384
6,VACARIA,4.893486201763153
7,ACEGUA,3.342326129636457
7,ALEGRETE,4.359712535335172
7,BAGE,3.6776464716080697
7,BAGE - CENTRO,3.6776464716080697
7,BENTO GONCALVES,5.5294647216796875
7,CACAPAVA DO SUL,4.692590528918851
7,CACHOEIRA DO SUL,4.8090916449023835
7,CACHOEIRINHA,4.139365196228027
7,CAMBARA DO SUL,4.319918728643848
7,CAMPO BOM,4.480008159914324
7,CANELA,5.103900078804262
7,CANGUCU,3.4933474756056264
7,CAXIAS DO SUL - AEROPORTO,5.355264386823101
7,CAXIAS DO SUL - CRIUVA,4.792628753569819
7,CHARQUEADAS,4.483037890926484
7,CRUZ ALTA,4.68362291397587
7,DOM PEDRITO,3.6698228966805244
7,ENCRUZILHADA DO SUL,4.432502300508561
7,ERECHIM,5.121331057240886
7,FREDERICO WESTPHALEN,5.4115907838267665
7,HERVAL,3.0144448164970643
7,IBIRUBA,5.16280004285997
7,JAGUARAO,2.606800486964564
7,LAGOA VERMELHA,4.805109193248134
7,MINAS DO LEAO,4.721278621304419
7,MONTENEGRO,4.930694268595788
7,MOSTARDAS,3.7912687947673183
7,PALMEIRA DAS MISSOES,5.236803047118649
7,PARQUE ELDORADO,4.483037890926484
7,PASSO FUNDO,5.1238531989436
7,PINHEIRO MACHADO,3.6976851763263827
7,PORTO ALEGRE - BELEM NOVO,3.9880717992782593
7,PORTO ALEGRE - JARDIM BOTANICO,4.233578528127363
7,QUARAI,3.557088875001477
7,RIO GRANDE,3.5313593764458933
7,RIO PARDO,4.812465560051702
7,ROLANTE,4.263390452631058
7,SANTA MARIA,5.036042582604193
7,SANTA MARIA DO HERVAL,5.24450357114115
7,SANTA ROSA,5.348796806027813
7,SANTA VITORIA DO PALMAR (CENTRO),2.746960809153895
7,SANTA VITORIA DO PALMAR (RESERVA DO TAIM),2.7762747580005276
7,SANTANA DA BOA VISTA,4.206375248970524
7,SANTANA DO LIVRAMENTO,3.6012040030571724
7,SANTIAGO,5.153858380932962
7,SANTO AUGUSTO,5.228665071149027
7,SAO BORJA,3.953218936920166
7,SAO FRANCISCO DE PAULA,5.192900857617778
7,SAO GABRIEL,4.633558850134572
7,SAO JOSE DOS AUSENTES,4.682799508494716
7,SAO LUIZ GONZAGA,5.065340192087235
7,SAO VICENTE DO SUL,4.370694679598654
7,SAPUCAIA DO SUL,4.755382583987329
7,SERAFINA CORREA,4.760670077416204
7,SERTAO SANTANA,4.271534654401964
7,SOLEDADE,5.488477414654147
7,Santa Vitoria do Palmar - Barra do Chui,2.69458947643157
7,TORRES,4.31402555588753
7,TRAMANDAI,3.8445611153879473
7,TUPANCIRETA,4.63717358727609
7,URUGUAIANA,3.316021253985743
7,VACARIA,4.720000486220083
8,ACEGUA,3.315490686287314
8,ALEGRETE,3.51486115132348
8,BAGE,3.746057465925055
8,BAGE - CENTRO,3.746057465925055
8,BENTO GONCALVES,4.534424874742152
8,CACAPAVA DO SUL,4.293035652677892
8,CACHOEIRA DO SUL,3.7668347277883756
8,CACHOEIRINHA,4.164462877532183
8,CAMBARA DO SUL,4.262645870952283
8,CAMPO BOM,4.30588600999218
8,CANELA,4.61185282367771
8,CANGUCU,3.7564519098249534
8,CAXIAS DO SUL - AEROPORTO,4.597952818466445
8,CAXIAS DO SUL - CRIUVA,3.916674751346394
8,CHARQUEADAS,4.036479077096713
8,CRUZ ALTA,3.300386970326052
8,DOM PEDRITO,3.568553326493603
8,ENCRUZILHADA DO SUL,3.928213806475623
8,ERECHIM,3.597411050634869
8,FREDERICO WESTPHALEN,3.403904074329441
8,HERVAL,3.4544230517694507
8,IBIRUBA,3.8041881585525252
8,JAGUARAO,3.225059327432665
8,LAGOA VERMELHA,3.8061061147916115
8,MINAS DO LEAO,3.9707993127531926
8,MONTENEGRO,4.440151028713937
8,MOSTARDAS,3.4597551418563066
8,PALMEIRA DAS MISSOES,3.5594075413073525
8,PARQUE ELDORADO,4.036479077096713
8,PASSO FUNDO,3.6965300471095714
8,PINHEIRO MACHADO,3.7532479076062217
8,PORTO ALEGRE - BELEM NOVO,3.9827914561255504
8,PORTO ALEGRE - JARDIM BOTANICO,4.1255112421714655
8,QUARAI,2.798427464598316
8,RIO GRANDE,3.694601483264212
8,RIO PARDO,4.009385743383634
8,ROLANTE,4.172645382961984
8,SANTA MARIA,3.766839787111444
8,SANTA MARIA DO HERVAL,4.791968454748897
8,SANTA ROSA,3.466811725648783
8,SANTA VITORIA DO PALMAR (CENTRO),3.669182635970035
8,SANTA VITORIA DO PALMAR (RESERVA DO TAIM),3.290061728428986
8,SANTANA DA BOA VISTA,3.8644216828427074
8,SANTANA DO LIVRAMENTO,3.386545484348879
8,SANTIAGO,4.214968216621269
8,SANTO AUGUSTO,3.3711210226608537
8,SAO BORJA,3.3190816135729775
8,SAO FRANCISCO DE PAULA,5.088689476756726
8,SAO GABRIEL,3.8320098973936956
8,SAO JOSE DOS AUSENTES,4.813156406758195
8,SAO LUIZ GONZAGA,3.5796736337370794
8,SAO VICENTE DO SUL,3.4079612311670338
8,SAPUCAIA DO SUL,4.438162355099694
8,SERAFINA CORREA,3.721363968768362
8,SERTAO SANTANA,4.512737346907794
8,SOLEDADE,3.882478354340893
8,Santa Vitoria do Palmar - Barra do Chui,3.5038044816356595
8,TORRES,4.430765830864341
8,TRAMANDAI,3.9124291832164184
8,TUPANCIRETA,3.7233187990673517
8,URUGUAIANA,2.7494021391464494
8,VACARIA,3.914688603352692
9,ACEGUA,4.5162396876017254
9,ALEGRETE,5.837757852342394
9,BAGE,5.152795049879286
9,BAGE - CENTRO,5.152795049879286
9,BENTO GONCALVES,5.894671537611219
9,CACAPAVA DO SUL,5.895281880696615
9,CACHOEIRA DO SUL,5.57125727335612
9,CACHOEIRINHA,5.069731606377496
9,CAMBARA DO SUL,5.330995983547634
9,CAMPO BOM,5.241440667046441
9,CANELA,5.81766975402832
9,CANGUCU,5.380802154541016
9,CAXIAS DO SUL - AEROPORTO,5.863540437486437
9,CAXIAS DO SUL - CRIUVA,5.7586288367377385
9,CHARQUEADAS,5.2124669986300995
9,CRUZ ALTA,5.328345828586155
9,DOM PEDRITO,4.743088077969022
9,ENCRUZILHADA DO SUL,5.470522774590386
9,ERECHIM,6.427850731743707
9,FREDERICO WESTPHALEN,6.312207107543945
9,HERVAL,4.537933659023709
9,IBIRUBA,5.327722240024142
9,JAGUARAO,4.107069439358181
9,LAGOA VERMELHA,6.0466808742947045
9,MINAS DO LEAO,5.415718290540907
9,MONTENEGRO,5.464116202460395
9,MOSTARDAS,4.840942488776313
9,PALMEIRA DAS MISSOES,6.051617736816406
9,PARQUE ELDORADO,5.2124669986300995
9,PASSO FUNDO,5.769550535413954
9,PINHEIRO MACHADO,5.020706918504503
9,PORTO ALEGRE - BELEM NOVO,5.082432958814833
9,PORTO ALEGRE - JARDIM BOTANICO,5.025751325819227
9,QUARAI,4.990388535393609
9,RIO GRANDE,4.888792037963867
9,RIO PARDO,5.710622461107042
9,ROLANTE,5.112355541653104
9,SANTA MARIA,5.667950833638509
9,SANTA MARIA DO HERVAL,5.984927804734972
9,SANTA ROSA,6.750416764153375
9,SANTA VITORIA DO PALMAR (CENTRO),3.7680832629733616
9,SANTA VITORIA DO PALMAR (RESERVA DO TAIM),4.0684625837537975
9,SANTANA DA BOA VISTA,5.271342595418294
9,SANTANA DO LIVRAMENTO,5.003038503858778
9,SANTIAGO,6.431107580396864
9,SANTO AUGUSTO,6.184259537590875
9,SAO BORJA,5.850225546095106
9,SAO FRANCISCO DE PAULA,6.153002315097385
9,SAO GABRIEL,5.7725975163777665
9,SAO JOSE DOS AUSENTES,6.31818295372857
9,SAO LUIZ GONZAGA,6.429716220431858
9,SAO VICENTE DO SUL,5.370504591200087
9,SAPUCAIA DO SUL,5.386719173855251
9,SERAFINA CORREA,5.300176938374837
9,SERTAO SANTANA,5.83885614183214
9,SOLEDADE,5.577458275689019
9,Santa Vitoria do Palmar - Barra do Chui,3.5304509268866644
9,TORRES,5.209823184543186
9,TRAMANDAI,4.644319737752278
9,TUPANCIRETA,5.490360260009766
9,URUGUAIANA,4.668259620666504
9,VACARIA,5.919578357272678
10,ACEGUA,3.974442832700668
10,ALEGRETE,7.014635557769447
10,BAGE,4.630714334467406
10,BAGE - CENTRO,4.630714334467406
10,BENTO GONCALVES,6.751748054258285
10,CACAPAVA DO SUL,6.055338681128717
10,CACHOEIRA DO SUL,5.988177945536952
10,CACHOEIRINHA,5.237866481657951
10,CAMBARA DO SUL,5.716516125586725
10,CAMPO BOM,5.814965061474872
10,CANELA,6.638774051461168
10,CANGUCU,4.2452109675253595
10,CAXIAS DO SUL - AEROPORTO,6.800562335598853
10,CAXIAS DO SUL - CRIUVA,6.4748681919549105
10,CHARQUEADAS,5.512467251029066
10,CRUZ ALTA,6.709538223922894
10,DOM PEDRITO,4.907877727221417
10,ENCRUZILHADA DO SUL,5.036013092533235
10,ERECHIM,7.566418198616274
10,FREDERICO WESTPHALEN,7.145324296848749
10,HERVAL,4.120425263271537
10,IBIRUBA,7.474705997590096
10,JAGUARAO,3.853326723652501
10,LAGOA VERMELHA,6.635078307121031
10,MINAS DO LEAO,5.799947759156586
10,MONTENEGRO,6.166470427154213
10,MOSTARDAS,3.665924072265625
10,PALMEIRA DAS MISSOES,7.379465197491389
10,PARQUE ELDORADO,5.512467251029066
10,PASSO FUNDO,7.467963630922379
10,PINHEIRO MACHADO,4.296612995927052
10,PORTO ALEGRE - BELEM NOVO,4.63313236031481
10,PORTO ALEGRE - JARDIM BOTANICO,5.304493450862105
10,QUARAI,6.117944836360152
10,RIO GRANDE,4.180636969945764
10,RIO PARDO,6.448714451123309
10,ROLANTE,5.71848859889533
10,SANTA MARIA,6.703529571205057
10,SANTA MARIA DO HERVAL,6.836838363319315
10,SANTA ROSA,7.487572389007896
10,SANTA VITORIA DO PALMAR (CENTRO),3.385622783373761
10,SANTA VITORIA DO PALMAR (RESERVA DO TAIM),3.6082349879767306
10,SANTANA DA BOA VISTA,5.008633923274215
10,SANTANA DO LIVRAMENTO,5.686773784186251
10,SANTIAGO,8.082392907911732
10,SANTO AUGUSTO,7.236985241469516
10,SAO BORJA,6.67271255165018
10,SAO FRANCISCO DE PAULA,6.925407524519069
10,SAO GABRIEL,6.2043974394439365
10,SAO JOSE DOS AUSENTES,6.413317756242649
10,SAO LUIZ GONZAGA,7.389284974785261
10,SAO VICENTE DO SUL,6.34749012608682
10,SAPUCAIA DO SUL,6.163020304197906
10,SERAFINA CORREA,6.490899157780473
10,SERTAO SANTANA,5.126174282771285
10,SOLEDADE,7.365231372464088
10,Santa Vitoria do Palmar - Barra do Chui,3.210719426472982
10,TORRES,5.048807726624191
10,TRAMANDAI,4.600982264036773
10,TUPANCIRETA,6.993024075415827
10,URUGUAIANA,6.322659720143964
10,VACARIA,6.3191588288994245
11,ACEGUA,3.7903886371188693
11,ALEGRETE,4.581098022460938
11,BAGE,4.346734674241808
11,BAGE - CENTRO,4.346734674241808
11,BENTO GONCALVES,5.688120002746582
11,CACAPAVA DO SUL,4.376825243631998
11,CACHOEIRA DO SUL,4.217241600884331
11,CACHOEIRINHA,4.225576184590658
11,CAMBARA DO SUL,5.080602442423503
11,CAMPO BOM,4.543226555718316
11,CANELA,5.3357558780246315
11,CANGUCU,3.680140698750814
11,CAXIAS DO SUL - AEROPORTO,5.638703231811523
11,CAXIAS DO SUL - CRIUVA,5.143349435594347
11,CHARQUEADAS,4.158550893995497
11,CRUZ ALTA,5.186870363023546
11,DOM PEDRITO,4.3027358584933815
11,ENCRUZILHADA DO SUL,4.0224345482720265
11,ERECHIM,6.10738755967882
11,FREDERICO WESTPHALEN,5.976622890896268
11,HERVAL,3.7727557203504776
11,IBIRUBA,5.516535449557834
11,JAGUARAO,3.5091495513916016
11,LAGOA VERMELHA,5.723091761271159
11,MINAS DO LEAO,4.249652760823568
11,MONTENEGRO,4.864613727993436
11,MOSTARDAS,2.814313579135471
11,PALMEIRA DAS MISSOES,5.799480565388998
11,PARQUE ELDORADO,4.158550893995497
11,PASSO FUNDO,6.068654068840875
11,PINHEIRO MACHADO,3.9544079123602973
11,PORTO ALEGRE - BELEM NOVO,4.071340026855469
11,PORTO ALEGRE - JARDIM BOTANICO,4.272726368374295
11,QUARAI,4.776060854593913
11,RIO GRANDE,3.1596247355143228
11,RIO PARDO,4.678557705349393
11,ROLANTE,4.445503018697103
11,SANTA MARIA,4.5544486660427514
11,SANTA MARIA DO HERVAL,5.530767440795898
11,SANTA ROSA,6.070537562900119
11,SANTA VITORIA DO PALMAR (CENTRO),3.4149180518256292
11,SANTA VITORIA DO PALMAR (RESERVA DO TAIM),3.0995951758490667
11,SANTANA DA BOA VISTA,3.968507457309299
11,SANTANA DO LIVRAMENTO,4.430933503044976
11,SANTIAGO,5.4686779361301
11,SANTO AUGUSTO,5.764835684034559
11,SAO BORJA,5.434292687310113
11,SAO FRANCISCO DE PAULA,5.59096812778049
11,SAO GABRIEL,4.099762174818251
11,SAO JOSE DOS AUSENTES,6.377003466288249
11,SAO LUIZ GONZAGA,6.061027297973633
11,SAO VICENTE DO SUL,3.9491097132364907
11,SAPUCAIA DO SUL,4.846916728549534
11,SERAFINA CORREA,5.329989318847656
11,SERTAO SANTANA,4.1858784400092235
11,SOLEDADE,5.372079230414497
11,Santa Vitoria do Palmar - Barra do Chui,3.2958772447374134
11,TORRES,4.1532341681586376
11,TRAMANDAI,3.7218581178453234
11,TUPANCIRETA,5.15970336066352
11,URUGUAIANA,4.634998639424642
11,VACARIA,5.258697395324707
12,ACEGUA,3.558153739026798
12,ALEGRETE,4.194508300289031
12,BAGE,3.911949494064495
12,BAGE - CENTRO,3.911949494064495
12,BENTO GONCALVES,6.546271736391129
12,CACAPAVA DO SUL,4.285028921147829
12,CACHOEIRA DO SUL,4.460494749007687
12,CACHOEIRINHA,4.269455325218939
12,CAMBARA DO SUL,5.6809086953440024
12,CAMPO BOM,4.689560654342816
12,CANELA,5.9640412689537134
12,CANGUCU,3.9694370761994393
12,CAXIAS DO SUL - AEROPORTO,6.424331160514585
12,CAXIAS DO SUL - CRIUVA,5.652854775869718
12,CHARQUEADAS,3.946029499012937
12,CRUZ ALTA,4.720164370793168
12,DOM PEDRITO,3.8870662771245486
12,ENCRUZILHADA DO SUL,4.434696320564516
12,ERECHIM,6.258467705019059
12,FREDERICO WESTPHALEN,6.345841721565493
12,HERVAL,3.524360349101405
12,IBIRUBA,5.398270391648816
12,JAGUARAO,3.147155999624601
12,LAGOA VERMELHA,5.9034573134555615
12,MINAS DO LEAO,4.219990383681431
12,MONTENEGRO,4.728925860825405
12,MOSTARDAS,2.6991290430868826
12,PALMEIRA DAS MISSOES,6.077897164129442
12,PARQUE ELDORADO,3.946029499012937
12,PASSO FUNDO,5.952037261634745
12,PINHEIRO MACHADO,3.8204803179669122
12,PORTO ALEGRE - BELEM NOVO,3.739196502521474
12,PORTO ALEGRE - JARDIM BOTANICO,4.0684489957747925
12,QUARAI,4.241040436939526
12,RIO GRANDE,3.1426804040067937
12,RIO PARDO,5.227016120828608
12,ROLANTE,4.9435307984711025
12,SANTA MARIA,5.266254708074754
12,SANTA MARIA DO HERVAL,5.928217467441354
12,SANTA ROSA,6.050179073374759
12,SANTA VITORIA DO PALMAR (CENTRO),2.7583404335924375
12,SANTA VITORIA DO PALMAR (RESERVA DO TAIM),2.7649510291314896
12,SANTANA DA BOA VISTA,3.7949905600599063
12,SANTANA DO LIVRAMENTO,4.09328245347546
12,SANTIAGO,5.4406909286334955
12,SANTO AUGUSTO,5.968082592051516
12,SAO BORJA,5.024324462234333
12,SAO FRANCISCO DE PAULA,6.328838631414598
12,SAO GABRIEL,4.308007353095598
12,SAO JOSE DOS AUSENTES,6.539129441784274
12,SAO LUIZ GONZAGA,5.40691038152223
12,SAO VICENTE DO SUL,4.090465525145172
12,SAPUCAIA DO SUL,4.740188976000714
12,SERAFINA CORREA,5.612472308579312
12,SERTAO SANTANA,4.53119636453608
12,SOLEDADE,5.560430411882298
12,Santa Vitoria do Palmar - Barra do Chui,2.498457004177955
12,TORRES,3.8156150489725094
12,TRAMANDAI,3.714706043530536
12,TUPANCIRETA,4.991999980967532
12,URUGUAIANA,4.369368579823484
12,VACARIA,5.6517493340276905
